{
    "Player": {
        "Head Translation": [
            -5.599999904632568,
            5.400000095367432,
            3.0769999027252197
        ],
        "Test": 21,
        "TestFloat": 3.1040000915527344,
        "TestVector3": [
            3.200000047683716,
            -1.600000023841858,
            -4.006999969482422
        ]
    }
}
