{
    "Player": {
        "Head Translation": [
            0.0,
            3.200000047683716,
            0.38499999046325684
        ],
        "Test": 28,
        "TestFloat": 1.1260000467300415,
        "TestVector3": [
            -0.800000011920929,
            -0.4000000059604645,
            0.22300000488758087
        ]
    }
}
