{
    "Player": {
        "Test": 22,
        "TestFloat": 5.291999816894531,
        "TestVector3": [
            7.0,
            -5.599999904632568,
            -4.7769999504089355
        ]
    }
}
