{
    "Player": {
        "Head Translation": [
            1.600000023841858,
            4.400000095367432,
            -0.0
        ],
        "Test": 78,
        "TestFloat": -4.811999797821045,
        "TestVector3": [
            -7.199999809265137,
            4.400000095367432,
            -4.392000198364258
        ]
    }
}
